{
    "accuracy": 0.921808185705559,
    "precision": 0.7259615384615384,
    "recall": 0.6801801801801802
}
